{"cameraMode":{"drawMode":0,"name":"Shaded","section":"Shading Mode"},"sceneLighting":true,"audioPlay":false,"sceneViewState":{"m_AlwaysRefresh":false,"showFog":true,"showSkybox":false,"showFlares":true,"showImageEffects":true,"showParticleSystems":true,"showVisualEffectGraphs":true,"m_FxEnabled":true},"in2DMode":false,"pivot":{"x":19.826702117919923,"y":2.2751293182373049,"z":23.174686431884767},"rotation":{"x":0.17161239683628083,"y":-0.5487430691719055,"z":0.11627978831529618,"w":0.8098852038383484},"size":18.395219802856447,"orthographic":false}