{"cameraMode":{"drawMode":0,"name":"Shaded","section":"Shading Mode"},"sceneLighting":true,"audioPlay":false,"sceneViewState":{"m_AlwaysRefresh":false,"showFog":true,"showSkybox":true,"showFlares":true,"showImageEffects":true,"showParticleSystems":true,"showVisualEffectGraphs":true,"m_FxEnabled":true},"in2DMode":false,"pivot":{"x":0.12214469909667969,"y":0.4713325500488281,"z":-0.8241395950317383},"rotation":{"x":-0.04690408334136009,"y":0.9464322328567505,"z":-0.27605870366096499,"w":-0.16080476343631745},"size":9.046600341796875,"orthographic":false}